config_hash,dataset_id,dataset_revision,device,evaluation_protocol,history,label_mapping,merged_unmerged_max_abs_error,method,model_id,model_revision,optimizer_updates,parameters,peak_allocated_gpu_memory,peak_reserved_gpu_memory,run_id,seed,status,study_group,task,track,training_seconds
12e4a429146ca1a6f9420f30541a4b3e87026569ddde40df8849cd7a9ba2aee7,nyu-mll/glue,bcdcba79d07bc864c1c254ccfcedcce55bcc9a8c,cuda,heldout_official_validation,"[{'epoch': 1, 'examples': 3301, 'examples_per_second': 366.2526444512903, 'loss': 0.639344709981729, 'skipped_updates': 0, 'training_seconds': 9.012904207000247, 'tuning_accuracy': 0.670299727520436, 'tuning_f1': 0.802610114192496}, {'epoch': 2, 'examples': 3301, 'examples_per_second': 368.1073811887555, 'loss': 0.6293018405431696, 'skipped_updates': 0, 'training_seconds': 8.967492010999194, 'tuning_accuracy': 0.670299727520436, 'tuning_f1': 0.802610114192496}, {'epoch': 3, 'examples': 3301, 'examples_per_second': 366.0712921540848, 'loss': 0.6276975470362794, 'skipped_updates': 0, 'training_seconds': 9.01736921400152, 'tuning_accuracy': 0.670299727520436, 'tuning_f1': 0.802610114192496}, {'accuracy': 0.6838235294117647, 'f1': 0.8122270742358079, 'split': 'validation'}]","{'equivalent': 1, 'not_equivalent': 0}",5.960464477539063e-08,custom_lora,FacebookAI/roberta-base,e2da8e2f811d1448a5b465c236feacd80ffbac7b,621,"{'total': 124794626, 'trainable': 739586, 'trainable_fraction': 0.005926425068976928}",973403648,2873098240,custom_lora-1-12e4a429,1,completed,ablation,mrpc,practical,37.99665085500055
2943d3fbff62a06a97bfd0c7ec9dda929ca44325906c536cc65463a8afdb7879,nyu-mll/glue,bcdcba79d07bc864c1c254ccfcedcce55bcc9a8c,cuda,heldout_official_validation,"[{'epoch': 1, 'examples': 3301, 'examples_per_second': 369.8665742658902, 'loss': 0.6393692422721345, 'skipped_updates': 0, 'training_seconds': 8.924840009000036, 'tuning_accuracy': 0.670299727520436, 'tuning_f1': 0.802610114192496}, {'epoch': 2, 'examples': 3301, 'examples_per_second': 376.2688968956871, 'loss': 0.6292290713538846, 'skipped_updates': 0, 'training_seconds': 8.772981309999523, 'tuning_accuracy': 0.670299727520436, 'tuning_f1': 0.802610114192496}, {'epoch': 3, 'examples': 3301, 'examples_per_second': 373.5265094064105, 'loss': 0.6276034966796709, 'skipped_updates': 0, 'training_seconds': 8.837391502000173, 'tuning_accuracy': 0.670299727520436, 'tuning_f1': 0.802610114192496}, {'accuracy': 0.6838235294117647, 'f1': 0.8122270742358079, 'split': 'validation'}]","{'equivalent': 1, 'not_equivalent': 0}",1.1920928955078125e-07,custom_lora,FacebookAI/roberta-base,e2da8e2f811d1448a5b465c236feacd80ffbac7b,621,"{'total': 124684034, 'trainable': 628994, 'trainable_fraction': 0.00504470363863909}",971560960,2873098240,custom_lora-1-2943d3fb,1,completed,ablation,mrpc,practical,36.641020584000216
4563158fb7249f421850e7daa6d36a5c4a43c9a52bb4956078efb9828b7585e6,nyu-mll/glue,bcdcba79d07bc864c1c254ccfcedcce55bcc9a8c,cuda,heldout_official_validation,"[{'epoch': 1, 'examples': 3301, 'examples_per_second': 390.75326062761087, 'loss': 0.6405970982431499, 'skipped_updates': 0, 'training_seconds': 8.447786193000866, 'tuning_accuracy': 0.670299727520436, 'tuning_f1': 0.802610114192496}, {'epoch': 2, 'examples': 3301, 'examples_per_second': 392.9665915186532, 'loss': 0.6325149794467714, 'skipped_updates': 0, 'training_seconds': 8.400205186000676, 'tuning_accuracy': 0.670299727520436, 'tuning_f1': 0.802610114192496}, {'epoch': 3, 'examples': 3301, 'examples_per_second': 390.7088720997585, 'loss': 0.6265346573138064, 'skipped_updates': 0, 'training_seconds': 8.44874594799876, 'tuning_accuracy': 0.670299727520436, 'tuning_f1': 0.802610114192496}, {'accuracy': 0.6838235294117647, 'f1': 0.8122270742358079, 'split': 'validation'}]","{'equivalent': 1, 'not_equivalent': 0}",8.940696716308594e-08,custom_lora,FacebookAI/roberta-base,e2da8e2f811d1448a5b465c236feacd80ffbac7b,621,"{'total': 124794626, 'trainable': 739586, 'trainable_fraction': 0.005926425068976928}",951813632,2873098240,custom_lora-1-4563158f,1,completed,ablation,mrpc,practical,39.82859072899919
8e82a9d7e327521cfdee2f98322067927870d559abc3a1ef0bc51ca4b64fc271,nyu-mll/glue,bcdcba79d07bc864c1c254ccfcedcce55bcc9a8c,cuda,heldout_official_validation,"[{'epoch': 1, 'examples': 3301, 'examples_per_second': 391.27579247517497, 'loss': 0.6401138416791367, 'skipped_updates': 0, 'training_seconds': 8.436504540999522, 'tuning_accuracy': 0.670299727520436, 'tuning_f1': 0.802610114192496}, {'epoch': 2, 'examples': 3301, 'examples_per_second': 392.30008644976607, 'loss': 0.6308036896853413, 'skipped_updates': 0, 'training_seconds': 8.414476861000367, 'tuning_accuracy': 0.670299727520436, 'tuning_f1': 0.802610114192496}, {'epoch': 3, 'examples': 3301, 'examples_per_second': 390.3078275943678, 'loss': 0.6098713503189872, 'skipped_updates': 0, 'training_seconds': 8.45742710400009, 'tuning_accuracy': 0.670299727520436, 'tuning_f1': 0.802610114192496}, {'accuracy': 0.6838235294117647, 'f1': 0.8122270742358079, 'split': 'validation'}]","{'equivalent': 1, 'not_equivalent': 0}",1.1920928955078125e-07,custom_lora,FacebookAI/roberta-base,e2da8e2f811d1448a5b465c236feacd80ffbac7b,621,"{'total': 124794626, 'trainable': 739586, 'trainable_fraction': 0.005926425068976928}",953372672,2873098240,custom_lora-1-8e82a9d7,1,completed,ablation,mrpc,practical,35.518139132000215
9500d573354898f4d952f34da4cac39cf31e706758023ab99aefe3aa7eb2fed4,nyu-mll/glue,bcdcba79d07bc864c1c254ccfcedcce55bcc9a8c,cuda,heldout_official_validation,"[{'epoch': 1, 'examples': 3301, 'examples_per_second': 365.33396786976203, 'loss': 0.6392046099136297, 'skipped_updates': 0, 'training_seconds': 9.035568248000345, 'tuning_accuracy': 0.670299727520436, 'tuning_f1': 0.802610114192496}, {'epoch': 2, 'examples': 3301, 'examples_per_second': 368.1057631639047, 'loss': 0.6284297915405569, 'skipped_updates': 0, 'training_seconds': 8.967531427999347, 'tuning_accuracy': 0.670299727520436, 'tuning_f1': 0.802610114192496}, {'epoch': 3, 'examples': 3301, 'examples_per_second': 366.18684152449805, 'loss': 0.6235900731265689, 'skipped_updates': 0, 'training_seconds': 9.014523804999044, 'tuning_accuracy': 0.670299727520436, 'tuning_f1': 0.802610114192496}, {'accuracy': 0.6838235294117647, 'f1': 0.8122270742358079, 'split': 'validation'}]","{'equivalent': 1, 'not_equivalent': 0}",1.4901161193847656e-07,custom_lora,FacebookAI/roberta-base,e2da8e2f811d1448a5b465c236feacd80ffbac7b,621,"{'total': 124794626, 'trainable': 739586, 'trainable_fraction': 0.005926425068976928}",973403648,2873098240,custom_lora-1-9500d573,1,completed,ablation,mrpc,practical,37.760194440001214
9ba6871cb6a5292634e71889d839b0219eac61b6ce8d11bde033ab014c4e7b45,nyu-mll/glue,bcdcba79d07bc864c1c254ccfcedcce55bcc9a8c,cuda,heldout_official_validation,"[{'epoch': 1, 'examples': 3301, 'examples_per_second': 369.78157982375984, 'loss': 0.6386202684903549, 'skipped_updates': 0, 'training_seconds': 8.926891387000069, 'tuning_accuracy': 0.670299727520436, 'tuning_f1': 0.802610114192496}, {'epoch': 2, 'examples': 3301, 'examples_per_second': 371.09711911240294, 'loss': 0.6221851117674433, 'skipped_updates': 0, 'training_seconds': 8.895245556999726, 'tuning_accuracy': 0.670299727520436, 'tuning_f1': 0.802610114192496}, {'epoch': 3, 'examples': 3301, 'examples_per_second': 368.6181048128915, 'loss': 0.5758138291772283, 'skipped_updates': 0, 'training_seconds': 8.955067471999428, 'tuning_accuracy': 0.7166212534059946, 'tuning_f1': 0.8225255972696246}, {'accuracy': 0.7107843137254902, 'f1': 0.822289156626506, 'split': 'validation'}]","{'equivalent': 1, 'not_equivalent': 0}",1.0728836059570312e-06,custom_lora,FacebookAI/roberta-base,e2da8e2f811d1448a5b465c236feacd80ffbac7b,621,"{'total': 125236994, 'trainable': 1181954, 'trainable_fraction': 0.009437738500813905}",981771776,2873098240,custom_lora-1-9ba6871c,1,completed,ablation,mrpc,practical,42.116586375001134
c009259c2b4890d152199250a5fcd4fc1bf0a846ee98dae148164709ed288794,nyu-mll/glue,bcdcba79d07bc864c1c254ccfcedcce55bcc9a8c,cuda,heldout_official_validation,"[{'epoch': 1, 'examples': 3301, 'examples_per_second': 365.9347454836307, 'loss': 0.6393126702481841, 'skipped_updates': 0, 'training_seconds': 9.020733999001095, 'tuning_accuracy': 0.670299727520436, 'tuning_f1': 0.802610114192496}, {'epoch': 2, 'examples': 3301, 'examples_per_second': 367.8442379641112, 'loss': 0.6291715534489611, 'skipped_updates': 0, 'training_seconds': 8.973907048999536, 'tuning_accuracy': 0.670299727520436, 'tuning_f1': 0.802610114192496}, {'epoch': 3, 'examples': 3301, 'examples_per_second': 366.2236863048014, 'loss': 0.6269841598252118, 'skipped_updates': 0, 'training_seconds': 9.013616877999084, 'tuning_accuracy': 0.670299727520436, 'tuning_f1': 0.802610114192496}, {'accuracy': 0.6838235294117647, 'f1': 0.8122270742358079, 'split': 'validation'}]","{'equivalent': 1, 'not_equivalent': 0}",1.7881393432617188e-07,custom_lora,FacebookAI/roberta-base,e2da8e2f811d1448a5b465c236feacd80ffbac7b,621,"{'total': 124720898, 'trainable': 665858, 'trainable_fraction': 0.005338784523504634}",972113920,2873098240,custom_lora-1-c009259c,1,completed,ablation,mrpc,practical,37.59701212800064
da1bd3f5127d7a9944013a5b3484edb194b0b4e7065d82a6ab76c27be963b04f,nyu-mll/glue,bcdcba79d07bc864c1c254ccfcedcce55bcc9a8c,cuda,heldout_official_validation,"[{'epoch': 1, 'examples': 3301, 'examples_per_second': 367.11415574948427, 'loss': 0.6388976311279555, 'skipped_updates': 0, 'training_seconds': 8.991753514001175, 'tuning_accuracy': 0.670299727520436, 'tuning_f1': 0.802610114192496}, {'epoch': 2, 'examples': 3301, 'examples_per_second': 368.4668789570511, 'loss': 0.6273299172773199, 'skipped_updates': 0, 'training_seconds': 8.95874280299904, 'tuning_accuracy': 0.670299727520436, 'tuning_f1': 0.802610114192496}, {'epoch': 3, 'examples': 3301, 'examples_per_second': 366.44829637837364, 'loss': 0.6138329309643614, 'skipped_updates': 0, 'training_seconds': 9.008092089999991, 'tuning_accuracy': 0.670299727520436, 'tuning_f1': 0.802610114192496}, {'accuracy': 0.6838235294117647, 'f1': 0.8122270742358079, 'split': 'validation'}]","{'equivalent': 1, 'not_equivalent': 0}",5.960464477539063e-08,custom_lora,FacebookAI/roberta-base,e2da8e2f811d1448a5b465c236feacd80ffbac7b,621,"{'total': 124794626, 'trainable': 739586, 'trainable_fraction': 0.005926425068976928}",973403648,2873098240,custom_lora-1-da1bd3f5,1,completed,ablation,mrpc,practical,41.865993616000196
ef495409531794da1f01a62c8ac8152e9c26ca9dd9c679993265d2b54aeea774,nyu-mll/glue,bcdcba79d07bc864c1c254ccfcedcce55bcc9a8c,cuda,heldout_official_validation,"[{'epoch': 1, 'examples': 3301, 'examples_per_second': 369.58052987501014, 'loss': 0.6390371992282082, 'skipped_updates': 0, 'training_seconds': 8.93174757099996, 'tuning_accuracy': 0.670299727520436, 'tuning_f1': 0.802610114192496}, {'epoch': 2, 'examples': 3301, 'examples_per_second': 371.55989858086997, 'loss': 0.6277492125732846, 'skipped_updates': 0, 'training_seconds': 8.884166490000098, 'tuning_accuracy': 0.670299727520436, 'tuning_f1': 0.802610114192496}, {'epoch': 3, 'examples': 3301, 'examples_per_second': 368.4436898215281, 'loss': 0.6142957341151434, 'skipped_updates': 0, 'training_seconds': 8.9593066489997, 'tuning_accuracy': 0.670299727520436, 'tuning_f1': 0.802610114192496}, {'accuracy': 0.6838235294117647, 'f1': 0.8122270742358079, 'split': 'validation'}]","{'equivalent': 1, 'not_equivalent': 0}",8.940696716308594e-08,custom_lora,FacebookAI/roberta-base,e2da8e2f811d1448a5b465c236feacd80ffbac7b,621,"{'total': 124942082, 'trainable': 887042, 'trainable_fraction': 0.007099625568909601}",976193024,2873098240,custom_lora-1-ef495409,1,completed,core,mrpc,practical,36.185686979000366
2e441a6971d290914d1d9c9a25890c41f424b7222c22defe82d6108c334ddd21,nyu-mll/glue,bcdcba79d07bc864c1c254ccfcedcce55bcc9a8c,cuda,heldout_official_validation,"[{'epoch': 1, 'examples': 3301, 'examples_per_second': 368.5336261014664, 'loss': 0.6429784446593925, 'skipped_updates': 0, 'training_seconds': 8.957120236000264, 'tuning_accuracy': 0.6757493188010899, 'tuning_f1': 0.8065040650406504}, {'epoch': 2, 'examples': 3301, 'examples_per_second': 368.85581690014527, 'loss': 0.6257521659496621, 'skipped_updates': 0, 'training_seconds': 8.949296307000168, 'tuning_accuracy': 0.6757493188010899, 'tuning_f1': 0.8065040650406504}, {'epoch': 3, 'examples': 3301, 'examples_per_second': 368.7377288543692, 'loss': 0.5922855257122049, 'skipped_updates': 0, 'training_seconds': 8.952162313999906, 'tuning_accuracy': 0.7057220708446866, 'tuning_f1': 0.8175675675675675}, {'accuracy': 0.7009803921568627, 'f1': 0.8189910979228486, 'split': 'validation'}]","{'equivalent': 1, 'not_equivalent': 0}",2.5510787963867188e-05,custom_lora,FacebookAI/roberta-base,e2da8e2f811d1448a5b465c236feacd80ffbac7b,621,"{'total': 124942082, 'trainable': 887042, 'trainable_fraction': 0.007099625568909601}",985908736,2873098240,custom_lora-2-2e441a69,2,completed,core,mrpc,practical,37.16812945599986
c14b21990e5ab562814fb255466805cd6b6c650053015cf9d25005aa26502073,nyu-mll/glue,bcdcba79d07bc864c1c254ccfcedcce55bcc9a8c,cuda,heldout_official_validation,"[{'epoch': 1, 'examples': 3301, 'examples_per_second': 368.3590746887565, 'loss': 0.6389299665755857, 'skipped_updates': 0, 'training_seconds': 8.961364676000358, 'tuning_accuracy': 0.6485013623978202, 'tuning_f1': 0.7867768595041322}, {'epoch': 2, 'examples': 3301, 'examples_per_second': 368.52249339087814, 'loss': 0.6270802199984867, 'skipped_updates': 0, 'training_seconds': 8.95739082199998, 'tuning_accuracy': 0.6485013623978202, 'tuning_f1': 0.7867768595041322}, {'epoch': 3, 'examples': 3301, 'examples_per_second': 368.66511702135097, 'loss': 0.6067111775026484, 'skipped_updates': 0, 'training_seconds': 8.953925521000201, 'tuning_accuracy': 0.6566757493188011, 'tuning_f1': 0.7878787878787878}, {'accuracy': 0.6936274509803921, 'f1': 0.8159057437407953, 'split': 'validation'}]","{'equivalent': 1, 'not_equivalent': 0}",4.76837158203125e-07,custom_lora,FacebookAI/roberta-base,e2da8e2f811d1448a5b465c236feacd80ffbac7b,621,"{'total': 124942082, 'trainable': 887042, 'trainable_fraction': 0.007099625568909601}",992832512,2873098240,custom_lora-3-c14b2199,3,completed,core,mrpc,practical,37.08743342000025
b9333fb9e09b8c672451f759138b957992519f8962d95db569f986eb8dd02f1d,nyu-mll/glue,bcdcba79d07bc864c1c254ccfcedcce55bcc9a8c,cuda,heldout_official_validation,"[{'epoch': 1, 'examples': 3301, 'examples_per_second': 129.87957974048484, 'loss': 0.5129038961401285, 'skipped_updates': 0, 'training_seconds': 25.415850640999906, 'tuning_accuracy': 0.8474114441416893, 'tuning_f1': 0.8857142857142857}, {'epoch': 2, 'examples': 3301, 'examples_per_second': 130.02092484211127, 'loss': 0.35273404617863763, 'skipped_updates': 0, 'training_seconds': 25.388221195999904, 'tuning_accuracy': 0.8147138964577657, 'tuning_f1': 0.8726591760299626}, {'epoch': 3, 'examples': 3301, 'examples_per_second': 129.58894203508103, 'loss': 0.24457035850526057, 'skipped_updates': 0, 'training_seconds': 25.472852453000087, 'tuning_accuracy': 0.8528610354223434, 'tuning_f1': 0.8860759493670886}, {'accuracy': 0.8774509803921569, 'f1': 0.9077490774907749, 'split': 'validation'}]","{'equivalent': 1, 'not_equivalent': 0}",,full_finetune,FacebookAI/roberta-base,e2da8e2f811d1448a5b465c236feacd80ffbac7b,621,"{'total': 124647170, 'trainable': 124647170, 'trainable_fraction': 1.0}",2570403328,2852126720,full_finetune-1-b9333fb9,1,completed,core,mrpc,practical,97.52251014100011
fa577e80c64da31316aed4ac5acbe9aa99b65c5aa500379443ea8653ea876b55,nyu-mll/glue,bcdcba79d07bc864c1c254ccfcedcce55bcc9a8c,cuda,heldout_official_validation,"[{'epoch': 1, 'examples': 3301, 'examples_per_second': 129.55510067660347, 'loss': 0.49978875262396677, 'skipped_updates': 0, 'training_seconds': 25.47950627, 'tuning_accuracy': 0.7465940054495913, 'tuning_f1': 0.7780429594272077}, {'epoch': 2, 'examples': 3301, 'examples_per_second': 129.5933308956276, 'loss': 0.35085025815784787, 'skipped_updates': 0, 'training_seconds': 25.47198977900007, 'tuning_accuracy': 0.8419618528610354, 'tuning_f1': 0.8849206349206349}, {'epoch': 3, 'examples': 3301, 'examples_per_second': 129.59812043135307, 'loss': 0.2485919679914202, 'skipped_updates': 0, 'training_seconds': 25.47104841500004, 'tuning_accuracy': 0.8446866485013624, 'tuning_f1': 0.8857715430861723}, {'accuracy': 0.8700980392156863, 'f1': 0.9041591320072333, 'split': 'validation'}]","{'equivalent': 1, 'not_equivalent': 0}",,full_finetune,FacebookAI/roberta-base,e2da8e2f811d1448a5b465c236feacd80ffbac7b,621,"{'total': 124647170, 'trainable': 124647170, 'trainable_fraction': 1.0}",2587142656,2852126720,full_finetune-2-fa577e80,2,completed,core,mrpc,practical,99.50835602799998
c3e01f4832e5059b8abc7a0660c33f08b3dcc358fe6176b30b6f84345c04223c,nyu-mll/glue,bcdcba79d07bc864c1c254ccfcedcce55bcc9a8c,cuda,heldout_official_validation,"[{'epoch': 1, 'examples': 3301, 'examples_per_second': 129.47031682967022, 'loss': 0.5042457192703251, 'skipped_updates': 0, 'training_seconds': 25.496191566000107, 'tuning_accuracy': 0.8365122615803815, 'tuning_f1': 0.8734177215189873}, {'epoch': 2, 'examples': 3301, 'examples_per_second': 129.47616281020518, 'loss': 0.35259020342953845, 'skipped_updates': 0, 'training_seconds': 25.495040387000245, 'tuning_accuracy': 0.8419618528610354, 'tuning_f1': 0.8825910931174089}, {'epoch': 3, 'examples': 3301, 'examples_per_second': 129.49910450404116, 'loss': 0.27537468479851546, 'skipped_updates': 0, 'training_seconds': 25.49052375800011, 'tuning_accuracy': 0.8337874659400545, 'tuning_f1': 0.8792079207920792}, {'accuracy': 0.8676470588235294, 'f1': 0.9059233449477352, 'split': 'validation'}]","{'equivalent': 1, 'not_equivalent': 0}",,full_finetune,FacebookAI/roberta-base,e2da8e2f811d1448a5b465c236feacd80ffbac7b,621,"{'total': 124647170, 'trainable': 124647170, 'trainable_fraction': 1.0}",2604793856,2873098240,full_finetune-3-c3e01f48,3,completed,core,mrpc,practical,95.565520913
faee54295642753b7e0202b9a8b4d9170f54b55cf557f7616bbcb6ac50ecc236,nyu-mll/glue,bcdcba79d07bc864c1c254ccfcedcce55bcc9a8c,cuda,heldout_official_validation,"[{'epoch': 1, 'examples': 3301, 'examples_per_second': 727.6295601274713, 'loss': 0.641549364850827, 'skipped_updates': 0, 'training_seconds': 4.536649114999818, 'tuning_accuracy': 0.670299727520436, 'tuning_f1': 0.802610114192496}, {'epoch': 2, 'examples': 3301, 'examples_per_second': 764.7576900427148, 'loss': 0.6308256208752315, 'skipped_updates': 0, 'training_seconds': 4.316399878000084, 'tuning_accuracy': 0.670299727520436, 'tuning_f1': 0.802610114192496}, {'epoch': 3, 'examples': 3301, 'examples_per_second': 757.4269100429599, 'loss': 0.6274417609192846, 'skipped_updates': 0, 'training_seconds': 4.358176289000312, 'tuning_accuracy': 0.670299727520436, 'tuning_f1': 0.802610114192496}, {'accuracy': 0.6838235294117647, 'f1': 0.8122270742358079, 'split': 'validation'}]","{'equivalent': 1, 'not_equivalent': 0}",,head_only,FacebookAI/roberta-base,e2da8e2f811d1448a5b465c236feacd80ffbac7b,621,"{'total': 124647170, 'trainable': 592130, 'trainable_fraction': 0.004750448806820083}",550409728,624951296,head_only-1-faee5429,1,completed,core,mrpc,practical,30.39220298700002
795924a158344a76a755f54f0db9f3631337260be9a5ab2ca1caede8025c6707,nyu-mll/glue,bcdcba79d07bc864c1c254ccfcedcce55bcc9a8c,cuda,heldout_official_validation,"[{'epoch': 1, 'examples': 3301, 'examples_per_second': 764.5299129400674, 'loss': 0.6417672589385192, 'skipped_updates': 0, 'training_seconds': 4.317685866999909, 'tuning_accuracy': 0.6757493188010899, 'tuning_f1': 0.8065040650406504}, {'epoch': 2, 'examples': 3301, 'examples_per_second': 742.8802379932354, 'loss': 0.6312209159929585, 'skipped_updates': 0, 'training_seconds': 4.443515699000272, 'tuning_accuracy': 0.6757493188010899, 'tuning_f1': 0.8065040650406504}, {'epoch': 3, 'examples': 3301, 'examples_per_second': 768.3652064434422, 'loss': 0.6310286182756862, 'skipped_updates': 0, 'training_seconds': 4.296134145999986, 'tuning_accuracy': 0.6757493188010899, 'tuning_f1': 0.8065040650406504}, {'accuracy': 0.6838235294117647, 'f1': 0.8122270742358079, 'split': 'validation'}]","{'equivalent': 1, 'not_equivalent': 0}",,head_only,FacebookAI/roberta-base,e2da8e2f811d1448a5b465c236feacd80ffbac7b,621,"{'total': 124647170, 'trainable': 592130, 'trainable_fraction': 0.004750448806820083}",545724928,624951296,head_only-2-795924a1,2,completed,core,mrpc,practical,23.149487101999966
131753df447d1e20c5d2dd5638f40a5da637502380956722c50bc1984e58fdd3,nyu-mll/glue,bcdcba79d07bc864c1c254ccfcedcce55bcc9a8c,cuda,heldout_official_validation,"[{'epoch': 1, 'examples': 3301, 'examples_per_second': 765.3216681562556, 'loss': 0.6355769048302861, 'skipped_updates': 0, 'training_seconds': 4.313219052000022, 'tuning_accuracy': 0.6485013623978202, 'tuning_f1': 0.7867768595041322}, {'epoch': 2, 'examples': 3301, 'examples_per_second': 770.434917192813, 'loss': 0.6302720778790859, 'skipped_updates': 0, 'training_seconds': 4.284592931000134, 'tuning_accuracy': 0.6485013623978202, 'tuning_f1': 0.7867768595041322}, {'epoch': 3, 'examples': 3301, 'examples_per_second': 751.6646602154408, 'loss': 0.6273063900395687, 'skipped_updates': 0, 'training_seconds': 4.391586001999713, 'tuning_accuracy': 0.6485013623978202, 'tuning_f1': 0.7867768595041322}, {'accuracy': 0.6838235294117647, 'f1': 0.8122270742358079, 'split': 'validation'}]","{'equivalent': 1, 'not_equivalent': 0}",,head_only,FacebookAI/roberta-base,e2da8e2f811d1448a5b465c236feacd80ffbac7b,621,"{'total': 124647170, 'trainable': 592130, 'trainable_fraction': 0.004750448806820083}",546838528,624951296,head_only-3-131753df,3,completed,core,mrpc,practical,22.91165365200004
d3806625e5a635f1a16cc4f33e645876cc234a8915e646fe8286e8e5930b87a9,nyu-mll/glue,bcdcba79d07bc864c1c254ccfcedcce55bcc9a8c,cuda,heldout_official_validation,"[{'epoch': 1, 'examples': 3301, 'examples_per_second': 369.8471695184876, 'loss': 0.6401431030857649, 'skipped_updates': 0, 'training_seconds': 8.925308268000663, 'tuning_accuracy': 0.670299727520436, 'tuning_f1': 0.802610114192496}, {'epoch': 2, 'examples': 3301, 'examples_per_second': 371.93135743479615, 'loss': 0.6292386477853715, 'skipped_updates': 0, 'training_seconds': 8.875293610000881, 'tuning_accuracy': 0.670299727520436, 'tuning_f1': 0.802610114192496}, {'epoch': 3, 'examples': 3301, 'examples_per_second': 370.08308678766866, 'loss': 0.6021774181009205, 'skipped_updates': 0, 'training_seconds': 8.919618641999477, 'tuning_accuracy': 0.6893732970027248, 'tuning_f1': 0.8112582781456954}, {'accuracy': 0.696078431372549, 'f1': 0.8176470588235294, 'split': 'validation'}]","{'equivalent': 1, 'not_equivalent': 0}",,reference_lora,FacebookAI/roberta-base,e2da8e2f811d1448a5b465c236feacd80ffbac7b,621,"{'total': 125534212, 'trainable': 887042, 'trainable_fraction': 0.0070661374765310985}",977092096,2873098240,reference_lora-1-d3806625,1,completed,reference,mrpc,practical,37.80341579099877
8564e703ee8d6bb27e61de22fda7726c87edb54ea7462d49a135c8190d182e9c,nyu-mll/glue,bcdcba79d07bc864c1c254ccfcedcce55bcc9a8c,cuda,heldout_official_validation,"[{'epoch': 1, 'examples': 60614, 'examples_per_second': 582.4260816772078, 'loss': 0.3292057353182614, 'skipped_updates': 0, 'training_seconds': 104.07157561599979, 'tuning_accuracy': 0.9092798812175205, 'tuning_f1': None}, {'epoch': 2, 'examples': 60614, 'examples_per_second': 582.0327926377386, 'loss': 0.25024030881313025, 'skipped_updates': 0, 'training_seconds': 104.14189847499983, 'tuning_accuracy': 0.9183370452858204, 'tuning_f1': None}, {'epoch': 3, 'examples': 60614, 'examples_per_second': 581.4624773336682, 'loss': 0.23579492523501225, 'skipped_updates': 0, 'training_seconds': 104.24404387699997, 'tuning_accuracy': 0.9221974758723088, 'tuning_f1': None}, {'accuracy': 0.9323394495412844, 'f1': None, 'split': 'validation'}]","{'negative': 0, 'positive': 1}",2.384185791015625e-06,custom_lora,FacebookAI/roberta-base,e2da8e2f811d1448a5b465c236feacd80ffbac7b,11367,"{'total': 124942082, 'trainable': 887042, 'trainable_fraction': 0.007099625568909601}",894066688,2873098240,custom_lora-1-8564e703,1,completed,core,sst2,practical,347.65956012400056
259282b156b14fa269fb5c7e168c0135b9a2f81e27e5b6bfa970b17700bd0968,nyu-mll/glue,bcdcba79d07bc864c1c254ccfcedcce55bcc9a8c,cuda,heldout_official_validation,"[{'epoch': 1, 'examples': 60614, 'examples_per_second': 580.1547382571231, 'loss': 0.3358086043538842, 'skipped_updates': 0, 'training_seconds': 104.47902258299928, 'tuning_accuracy': 0.9159613956941351, 'tuning_f1': None}, {'epoch': 2, 'examples': 60614, 'examples_per_second': 581.0947550371399, 'loss': 0.25445563922665343, 'skipped_updates': 0, 'training_seconds': 104.31001050099985, 'tuning_accuracy': 0.9213066072754269, 'tuning_f1': None}, {'epoch': 3, 'examples': 60614, 'examples_per_second': 578.7525856102168, 'loss': 0.23908768894446586, 'skipped_updates': 0, 'training_seconds': 104.73214549199929, 'tuning_accuracy': 0.9207126948775056, 'tuning_f1': None}, {'accuracy': 0.9231651376146789, 'f1': None, 'split': 'validation'}]","{'negative': 0, 'positive': 1}",3.337860107421875e-06,custom_lora,FacebookAI/roberta-base,e2da8e2f811d1448a5b465c236feacd80ffbac7b,11367,"{'total': 124942082, 'trainable': 887042, 'trainable_fraction': 0.007099625568909601}",895705088,2873098240,custom_lora-2-259282b1,2,completed,core,sst2,practical,347.34201961600047
6d209bdfd0eaa9bdec0233fef207cf86654958857055f5906dc3efea4f58686f,nyu-mll/glue,bcdcba79d07bc864c1c254ccfcedcce55bcc9a8c,cuda,heldout_official_validation,"[{'epoch': 1, 'examples': 60614, 'examples_per_second': 580.2556391254866, 'loss': 0.3305041495839917, 'skipped_updates': 0, 'training_seconds': 104.46085468700039, 'tuning_accuracy': 0.9207126948775056, 'tuning_f1': None}, {'epoch': 2, 'examples': 60614, 'examples_per_second': 578.1248585086659, 'loss': 0.24729616796654133, 'skipped_updates': 0, 'training_seconds': 104.84586349799974, 'tuning_accuracy': 0.9278396436525612, 'tuning_f1': None}, {'epoch': 3, 'examples': 60614, 'examples_per_second': 578.074817314193, 'loss': 0.2367737134939466, 'skipped_updates': 0, 'training_seconds': 104.85493950700038, 'tuning_accuracy': 0.9294729027468448, 'tuning_f1': None}, {'accuracy': 0.9288990825688074, 'f1': None, 'split': 'validation'}]","{'negative': 0, 'positive': 1}",1.9073486328125e-06,custom_lora,FacebookAI/roberta-base,e2da8e2f811d1448a5b465c236feacd80ffbac7b,11367,"{'total': 124942082, 'trainable': 887042, 'trainable_fraction': 0.007099625568909601}",894066688,2873098240,custom_lora-3-6d209bdf,3,completed,core,sst2,practical,349.09749898500013
0367bff6b8da24b26bbae2d47ca4746e8b85465292bf746b6ad4310a99551029,nyu-mll/glue,bcdcba79d07bc864c1c254ccfcedcce55bcc9a8c,cuda,heldout_official_validation,"[{'epoch': 1, 'examples': 60614, 'examples_per_second': 156.7387943841738, 'loss': 0.26455157379275246, 'skipped_updates': 0, 'training_seconds': 386.7198305189995, 'tuning_accuracy': 0.9364513734224202, 'tuning_f1': None}, {'epoch': 2, 'examples': 60614, 'examples_per_second': 156.2668986085803, 'loss': 0.18713463477665473, 'skipped_updates': 0, 'training_seconds': 387.88764952600013, 'tuning_accuracy': 0.9385300668151447, 'tuning_f1': None}, {'epoch': 3, 'examples': 60614, 'examples_per_second': 156.56862611043587, 'loss': 0.14915066895328224, 'skipped_updates': 0, 'training_seconds': 387.14014107300045, 'tuning_accuracy': 0.94090571640683, 'tuning_f1': None}, {'accuracy': 0.9323394495412844, 'f1': None, 'split': 'validation'}]","{'negative': 0, 'positive': 1}",,full_finetune,FacebookAI/roberta-base,e2da8e2f811d1448a5b465c236feacd80ffbac7b,11367,"{'total': 124647170, 'trainable': 124647170, 'trainable_fraction': 1.0}",2524658688,2873098240,full_finetune-1-0367bff6,1,completed,core,sst2,practical,1206.3252399750004
fb81e5374285d423d10c645a04f1729a8e4a9f3c536389c0e70893a3e6122a10,nyu-mll/glue,bcdcba79d07bc864c1c254ccfcedcce55bcc9a8c,cuda,heldout_official_validation,"[{'epoch': 1, 'examples': 60614, 'examples_per_second': 156.5699617624553, 'loss': 0.2676095135386562, 'skipped_updates': 0, 'training_seconds': 387.1368384950001, 'tuning_accuracy': 0.9420935412026726, 'tuning_f1': None}, {'epoch': 2, 'examples': 60614, 'examples_per_second': 156.49386897321645, 'loss': 0.18733793515178573, 'skipped_updates': 0, 'training_seconds': 387.3250779579994, 'tuning_accuracy': 0.9461024498886415, 'tuning_f1': None}, {'epoch': 3, 'examples': 60614, 'examples_per_second': 157.25071725666615, 'loss': 0.15058773399151343, 'skipped_updates': 0, 'training_seconds': 385.46088092600075, 'tuning_accuracy': 0.9498144023756496, 'tuning_f1': None}, {'accuracy': 0.9277522935779816, 'f1': None, 'split': 'validation'}]","{'negative': 0, 'positive': 1}",,full_finetune,FacebookAI/roberta-base,e2da8e2f811d1448a5b465c236feacd80ffbac7b,11367,"{'total': 124647170, 'trainable': 124647170, 'trainable_fraction': 1.0}",2524596224,2873098240,full_finetune-2-fb81e537,2,completed,core,sst2,practical,1202.7886021260001
7a0b34923612ae8b1be4d984db497895f4639891ac495f9504190c3928a1b7b3,nyu-mll/glue,bcdcba79d07bc864c1c254ccfcedcce55bcc9a8c,cuda,heldout_official_validation,"[{'epoch': 1, 'examples': 60614, 'examples_per_second': 156.98331426958836, 'loss': 0.26228395625565415, 'skipped_updates': 0, 'training_seconds': 386.1174691209999, 'tuning_accuracy': 0.9389755011135857, 'tuning_f1': None}, {'epoch': 2, 'examples': 60614, 'examples_per_second': 157.3532810653215, 'loss': 0.18748431182464603, 'skipped_updates': 0, 'training_seconds': 385.2096352210001, 'tuning_accuracy': 0.9450631031922792, 'tuning_f1': None}, {'epoch': 3, 'examples': 60614, 'examples_per_second': 157.1242617402575, 'loss': 0.14968704374399397, 'skipped_updates': 0, 'training_seconds': 385.77110453000023, 'tuning_accuracy': 0.9463994060876021, 'tuning_f1': None}, {'accuracy': 0.9311926605504587, 'f1': None, 'split': 'validation'}]","{'negative': 0, 'positive': 1}",,full_finetune,FacebookAI/roberta-base,e2da8e2f811d1448a5b465c236feacd80ffbac7b,11367,"{'total': 124647170, 'trainable': 124647170, 'trainable_fraction': 1.0}",2524193792,2873098240,full_finetune-3-7a0b3492,3,completed,core,sst2,practical,1204.5565524590002
6d129925a6fbc1297441bb34769efe649d2579865cec16389eb64af2ab65d007,nyu-mll/glue,bcdcba79d07bc864c1c254ccfcedcce55bcc9a8c,cuda,heldout_official_validation,"[{'epoch': 1, 'examples': 60614, 'examples_per_second': 1118.0757152235767, 'loss': 0.6613544948940874, 'skipped_updates': 0, 'training_seconds': 54.212786464000146, 'tuning_accuracy': 0.6406829992576095, 'tuning_f1': None}, {'epoch': 2, 'examples': 60614, 'examples_per_second': 1117.2281124435315, 'loss': 0.59765647504549, 'skipped_updates': 0, 'training_seconds': 54.253915851999864, 'tuning_accuracy': 0.7821826280623608, 'tuning_f1': None}, {'epoch': 3, 'examples': 60614, 'examples_per_second': 1120.017026505708, 'loss': 0.5535230788184577, 'skipped_updates': 0, 'training_seconds': 54.11882013000013, 'tuning_accuracy': 0.813214550853749, 'tuning_f1': None}, {'accuracy': 0.7970183486238532, 'f1': None, 'split': 'validation'}]","{'negative': 0, 'positive': 1}",,head_only,FacebookAI/roberta-base,e2da8e2f811d1448a5b465c236feacd80ffbac7b,11367,"{'total': 124647170, 'trainable': 592130, 'trainable_fraction': 0.004750448806820083}",541442560,2873098240,head_only-1-6d129925,1,completed,core,sst2,practical,196.32722368600025
5d9c469caeaa809d280ba5e2fdc2c5d7d7e6391696558c0740ac49a1cf2cf436,nyu-mll/glue,bcdcba79d07bc864c1c254ccfcedcce55bcc9a8c,cuda,heldout_official_validation,"[{'epoch': 1, 'examples': 60614, 'examples_per_second': 1123.5531313268684, 'loss': 0.6630157488182539, 'skipped_updates': 0, 'training_seconds': 53.948494566000136, 'tuning_accuracy': 0.6956198960653304, 'tuning_f1': None}, {'epoch': 2, 'examples': 60614, 'examples_per_second': 1117.2965962369594, 'loss': 0.5994080873298444, 'skipped_updates': 0, 'training_seconds': 54.25059040199994, 'tuning_accuracy': 0.7597624350408315, 'tuning_f1': None}, {'epoch': 3, 'examples': 60614, 'examples_per_second': 1113.1691950280212, 'loss': 0.556361274954762, 'skipped_updates': 0, 'training_seconds': 54.451740373999655, 'tuning_accuracy': 0.7535263548626577, 'tuning_f1': None}, {'accuracy': 0.7545871559633027, 'f1': None, 'split': 'validation'}]","{'negative': 0, 'positive': 1}",,head_only,FacebookAI/roberta-base,e2da8e2f811d1448a5b465c236feacd80ffbac7b,11367,"{'total': 124647170, 'trainable': 592130, 'trainable_fraction': 0.004750448806820083}",540651008,2873098240,head_only-2-5d9c469c,2,completed,core,sst2,practical,195.51809499499996
0d9c7a1207a1c001ff07da5d129d28f2c57293ba98a8e6ac9660a84a43340e2e,nyu-mll/glue,bcdcba79d07bc864c1c254ccfcedcce55bcc9a8c,cuda,heldout_official_validation,"[{'epoch': 1, 'examples': 60614, 'examples_per_second': 1115.364426668802, 'loss': 0.6625644481951445, 'skipped_updates': 0, 'training_seconds': 54.34456985599991, 'tuning_accuracy': 0.6252412769116555, 'tuning_f1': None}, {'epoch': 2, 'examples': 60614, 'examples_per_second': 1115.1023897322934, 'loss': 0.6000362149294345, 'skipped_updates': 0, 'training_seconds': 54.35734023899977, 'tuning_accuracy': 0.7988121752041574, 'tuning_f1': None}, {'epoch': 3, 'examples': 60614, 'examples_per_second': 1116.8859939268452, 'loss': 0.5569683027814966, 'skipped_updates': 0, 'training_seconds': 54.270534620000035, 'tuning_accuracy': 0.8173719376391982, 'tuning_f1': None}, {'accuracy': 0.8084862385321101, 'f1': None, 'split': 'validation'}]","{'negative': 0, 'positive': 1}",,head_only,FacebookAI/roberta-base,e2da8e2f811d1448a5b465c236feacd80ffbac7b,11367,"{'total': 124647170, 'trainable': 592130, 'trainable_fraction': 0.004750448806820083}",541442560,2873098240,head_only-3-0d9c7a12,3,completed,core,sst2,practical,195.8533109230002
